id,name,year,countries
1,The Great Gatsby,2013,US GB
2,The Great Gatsby 2,2013,US GB
3,The Great Gatsby 3,2013,US GB
4,The Great Gatsby 4,2013,US GB
5,The Great Gatsby 5,2013,US GB
6,The Great Gatsby 6,2013,US GB
7,The Great Gatsby 7,2013,US GB
8,The Great Gatsby 8,2013,US GB
9,The Great Gatsby 9,2013,US GB
10,The Great Gatsby 10,2013,US GB
11,The Great Gatsby 11,2013,US GB
12,The Great Gatsby 12,2013,US GB
14,The Great Gatsby 14,2013,US GB
15,The Great Gatsby 15,2013,US GB
16,The Great Gatsby 16,2013,US GB
17,The Great Gatsby 17,2013,US GB
18,The Great Gatsby 18,2013,US GB
19,The Great Gatsby 19,2013,US GB
20,The Great Gatsby 20,2013,US GB
21,The Great Gatsby 21,2013,US GB
22,The Great Gatsby 22,2013,US GB
23,The Great Gatsby 23,2013,US GB
24,The Great Gatsby 24,2013,US GB
25,The Great Gatsby 25,2013,US GB
26,The Great Gatsby 26,2013,US GB
27,The Great Gatsby 27,2013,US GB
28,The Great Gatsby 28,2013,US GB
29,The Great Gatsby 29,2013,US GB
30,The Great Gatsby 30,2013,US GB
31,The Great Gatsby 31,2013,US GB
32,The Great Gatsby 32,2013,US GB
33,The Great Gatsby 33,2013,US GB
34,The Great Gatsby 34,2013,US GB
35,The Great Gatsby 35,2013,US GB
36,The Great Gatsby 36,2013,US GB
37,The Great Gatsby 37,2013,US GB
38,The Great Gatsby 38,2013,US GB
39,The Great Gatsby 39,2013,US GB
40,The Great Gatsby 40,2013,US GB
41,The Great Gatsby 41,2013,US GB
42,The Great Gatsby 42,2013,US GB
43,The Great Gatsby 43,2013,US GB
44,The Great Gatsby 44,2013,US GB
45,The Great Gatsby 45,2013,US GB
46,The Great Gatsby 46,2013,US GB
47,The Great Gatsby 47,2013,US GB
48,The Great Gatsby 48,2013,US GB
49,The Great Gatsby 49,2013,US GB
50,The Great Gatsby 50,2013,US GB
51,The Great Gatsby 51,2013,US GB
52,The Great Gatsby 52,2013,US GB
53,The Great Gatsby 53,2013,US GB
54,The Great Gatsby 54,2013,US GB
55,The Great Gatsby 55,2013,US GB
56,The Great Gatsby 56,2013,US GB
57,The Great Gatsby 57,2013,US GB
58,The Great Gatsby 58,2013,US GB
59,The Great Gatsby 59,2013,US GB
60,The Great Gatsby 60,2013,US GB
61,The Great Gatsby 61,2013,US GB
62,The Great Gatsby 62,2013,US GB
63,The Great Gatsby 63,2013,US GB
64,The Great Gatsby 64,2013,US GB
65,The Great Gatsby 65,2013,US GB
66,The Great Gatsby 66,2013,US GB
67,The Great Gatsby 67,2013,US GB
68,The Great Gatsby 68,2013,US GB
69,The Great Gatsby 69,2013,US GB
70,The Great Gatsby 70,2013,US GB
71,The Great Gatsby 71,2013,US GB
72,The Great Gatsby 72,2013,US GB
73,The Great Gatsby 73,2013,US GB
74,The Great Gatsby 74,2013,US GB
75,The Great Gatsby 75,2013,US GB
76,The Great Gatsby 76,2013,US GB
77,The Great Gatsby 77,2013,US GB
78,The Great Gatsby 78,2013,US GB
79,The Great Gatsby 79,2013,US GB
80,The Great Gatsby 80,2013,US GB
81,The Great Gatsby 81,2013,US GB
82,The Great Gatsby 82,2013,US GB
83,The Great Gatsby 83,2013,US GB
84,The Great Gatsby 84,2013,US GB
85,The Great Gatsby 85,2013,US GB
86,The Great Gatsby 86,2013,US GB
87,The Great Gatsby 87,2013,US GB
88,The Great Gatsby 88,2013,US GB
89,The Great Gatsby 89,2013,US GB
90,The Great Gatsby 90,2013,US GB
91,The Great Gatsby 91,2013,US GB
92,The Great Gatsby 92,2013,US GB
93,The Great Gatsby 93,2013,US GB
94,The Great Gatsby 94,2013,US GB
95,The Great Gatsby 95,2013,US GB
96,The Great Gatsby 96,2013,US GB
97,The Great Gatsby 97,2013,US GB
98,The Great Gatsby 98,2013,US GB
99,The Great Gatsby 99,2013,US GB
100,The Great Gatsby,2013,US GB
